Auction type,Object Types,External Reference Colour,Language,Shipping Country Name,Shipping Country Code,D: Brand,D: Model,D: Period,D: Movement,D: Case material,D: Case diameter,D: Condition,D: Gender,D: Band material,D: Band length,D: Dial colour,D: Weight,D: Width lug/ watch band
Antique Furniture,Automaton pocket watch,Gray,English,Austria,at,5.11 Tactical,21 Chronoscaph,1850-1900,Automatic,Aluminium,Less than 20 mm,Fair - major signs of wear,Men,Bronze,Very short (under 160 mm),Black,x_g,x_in
Antique Religious Decor,Chronograph pocket watch,Blue,Dutch,Belgium,be,88 Rue du Rhone,1966,1900-1949,Manual winding,Argentan,20 mm,Good - visible signs of wear,Unisex,Ceramic,Short (160–170 mm),Blue,x_kg,x_ft
Art Nouveau & Art Deco Furniture,Chronograph watch,Green,French,Bulgaria,bg,A. Lange & Söhne,2000 Series,1950-1959,Other,Bioceramic,21 mm,New,Women,Gold/steel,Regular (180–200 mm),Bronze,x_t,x_yd
Automobilia,Digital watch,Orange,German,Switzerland,ch,A.Mantei,Admiral,1960-1969,Quartz,Bronze,22 mm,Unworn - no signs of wear,,Leather,Long (over 200 mm),Brown,x_oz,x_mi
Automobilia Art & Posters,Erotic pocket watch,Red,Italian,Czech Republic,cz,Accurist,Admiral's Cup,1970-1979,,Carbon,23 mm,Very good - minor signs of wear,,Platinum,,Champagne,x_lb,x_mm
Automobilia Car Parts,Marriage watch,,Spanish,Germany,de,Accutron,Aerospace,1980-1989,,Ceramic,24 mm,,,Resin,,Gold,x_st,x_cm
Automobilia Literature,Mechanical watch,,Portuguese,Denmark,dk,Aerowatch,Aikon Tide,1990-1999,,Chromed,25 mm,,,Rose gold,,Green,,x_m
Automobilia Signs & Lightboxes,Pocket watch,,Polish,Estonia,ee,Alain Silberstein,Aion,2000-2010,,Copper,26 mm,,,Rubber,,Grey,,
Aviation,Smart watch,,,Spain,es,Alba,Air Constellation Automatic,2010-2020,,Gold,27 mm,,,Steel,,Mother of pearl,,
Boho Chic,Stopwatch,,,Finland,fi,Alfred Dunhill,Air-King,2020+,,Gold/Steel,28 mm,,,Textile,,Navy,,
Bonsai Trees,Watch,,,France,fr,Alpha Sierra,Alpine Eagle,Earlier than 1850,,Gold-filled,29 mm,,,Titanium,,Orange,,
Breitling Watches,,,,Greece,gr,Alpina,Altiplano,,,Gold-plated,30 mm,,,White gold,,Pink,,
Cartier Watches,,,,Croatia,hr,Altanus,Amvox,,,Gunmetal,31 mm,,,Yellow gold,,Purple,,
Christmas Decor,,,,Hungary,hu,Alviero Martini 1a Classe,Aquanaut,,,Metal,32 mm,,,,,Red,,
Classic Home Decor,,,,Ireland,ie,Ancre,Aquaracer,,,Palladium,33 mm,,,,,Salmon,,
Clocks,,,,Iceland,is,Android,Aquaracer 300M,,,Pink gold,34 mm,,,,,Silver,,
Comic Figurines & Merchandise,,,,Italy,it,Angelus,Aquaracer 500M,,,Plastic,35 mm,,,,,Skeleton,,
Comics (Private Collection),,,,Liechtenstein,li,Anonimo,Aquaracer Calibre 5,,,Platinum,36 mm,,,,,Turquoise,,
Comics (Risqué),,,,Lithuania,lt,Antoine Nicolas 1986,Aquaracer Professional,,,Polycarbon,37 mm,,,,,White,,
Comics in Dutch,,,,Luxembourg,lu,Antoine Preziuso,Aquatimer,,,Silver,38 mm,,,,,Yellow,,
Comics in French,,,,Latvia,lv,Apple,Aquis,,,Silverplated,39 mm,,,,,,,
Comics in Italian,,,,Monaco,mc,Aquanautic,Arceau,,,Stainless steel,40 mm,,,,,,,
Contemporary Design,,,,Malta,mt,Aquastar,Artelier,,,Steel,41 mm,,,,,,,
Decorative Salvage,,,,The Netherlands,nl,Aquaswiss,Artelier Date Diamonds Automatic,,,Tantalum,42 mm,,,,,,,
Designer Furniture,,,,Norway,no,Archimede,Astron,,,Titanium,43 mm,,,,,,,
Disney Animation,,,,Poland,pl,Arctos,Audi Sport,,,Tungsten,44 mm,,,,,,,
Disney Comic Art,,,,Portugal,pt,Ardath,Autavia,,,White gold,45 mm,,,,,,,
Disney Figures & Merchandise,,,,Romania,ro,Aristo,"Automatic ""NobleTime""",,,Yellow gold,46 mm,,,,,,,
English Country House,,,,Sweden,se,Armand Nicolet,Automatic Super Titanium,,,,47 mm,,,,,,,
Exclusive Antiques,,,,Slovenia,si,Armida,Aviator 8,,,,48 mm,,,,,,,
Exclusive Art Nouveau & Art Deco,,,,Slovak Republic,sk,Armin Strom,B.Zero1,,,,49 mm,,,,,,,
Exclusive Automobilia,,,,San Marino,sm,Armitron,BR 01,,,,50 mm,,,,,,,
Exclusive Design,,,,Cyprus,cy,Arnold & Son,BR 02,,,,Greater than 50 mm,,,,,,,
Exclusive Watches,,,,Canary Islands,ic,Aspen Jewelry & Watches,BR 03,,,,,,,,,,,
Ferrari Automobilia,,,,United Kingdom,gb,Astronic,BR 05,,,,,,,,,,,
French Elegance,,,,United States,us,Atlantic,BR V1,,,,,,,,,,,
Garden Furniture & Decorations,,,,China,cn,Audemars Piguet,BR V2,,,,,,,,,,,
Hergé / Tintin Comic Books,,,,Hong Kong,hk,Auguste Reymond,Baignoire,,,,,,,,,,,
Hergé / Tintin Figures & Merchandise,,,,Israel,il,Auricoste,Ballon Bleu,,,,,,,,,,,
Hollywood Glamour,,,,Japan,jp,Automatic,Bentley,,,,,,,,,,,
Home Inspiration & Trends,,,,"Macao, China",mo,B.R.M.,Big Bang,,,,,,,,,,,
IWC Watches,,,,Singapore,sg,BALL,Big Bang King,,,,,,,,,,,
Industrial Design,,,,Türkiye,tr,BMW,Big Crown,,,,,,,,,,,
International Comics,,,,Taiwan,tw,BWC-Swiss,Big Crown Pointer Date,,,,,,,,,,,
Japanese Figurines & Merchandise,,,,,,Badollet,Big Crown ProPilot,,,,,,,,,,,
Longines Watches,,,,,,Balmain,Black Bay,,,,,,,,,,,
Mediterranean House,,,,,,Barthelay,Black Bay 58,,,,,,,,,,,
Modern Home Decor,,,,,,Baume & Mercier,Black Bay Gmt,,,,,,,,,,,
Motobilia,,,,,,Bausele,Black Croco,,,,,,,,,,,
New Seller Watches,,,,,,Bedat & Co.,Bubble,,,,,,,,,,,
Omega Watches,,,,,,Bell & Ross,CO-1 Chronograph,,,,,,,,,,,
Pocket Watches,,,,,,Benrus,Calatrava,,,,,,,,,,,
Porsche Automobilia,,,,,,Bernhard H. Mayer,Calculator,,,,,,,,,,,
Premium Watches,,,,,,Bertolucci,Calibre de Cartier,,,,,,,,,,,
Religious Decor,,,,,,Beuchat,Calibre de Cartier Diver,,,,,,,,,,,
Rolex Watches,,,,,,Bifora,Cape Cod,,,,,,,,,,,
Seiko Watches,,,,,,Blancpain,Capeland,,,,,,,,,,,
TAG Heuer Watches,,,,,,Boccia,Carbongold,,,,,,,,,,,
Tudor Watches,,,,,,Boegli,Carrera,,,,,,,,,,,
US Comics,,,,,,Bombardier,Carrera Calibre 5,,,,,,,,,,,
Unused Watches,,,,,,Bomberg,Carrera Calibre 6,,,,,,,,,,,
Vintage Furniture,,,,,,Boucheron,Carrera Calibre 16,,,,,,,,,,,
Vintage Watches,,,,,,Bovet,Carrera Calibre 1887,,,,,,,,,,,
Watch Accessories,,,,,,Braun,Carrera Calibre Heuer 01,,,,,,,,,,,
Zenith Watches,,,,,,Breguet,Carrera Calibre Heuer 02,,,,,,,,,,,
,,,,,,Breil,Carrera Chronograph,,,,,,,,,,,
,,,,,,Breitling,Carrera Lady,,,,,,,,,,,
,,,,,,Bremont,Casablanca,,,,,,,,,,,
,,,,,,Bruno Söhnle,Cellini,,,,,,,,,,,
,,,,,,Bucherer,Chemin Des Tourelles Powermatic 80,,,,,,,,,,,
,,,,,,Buler,Chrono-Matic,,,,,,,,,,,
,,,,,,Bulova,Chrono Orbs,,,,,,,,,,,
,,,,,,Bunz,Chrono Round,,,,,,,,,,,
,,,,,,Burberry,Chronofighter,,,,,,,,,,,
,,,,,,Buren,"Chronograph 100M ""Chronosphere""",,,,,,,,,,,
,,,,,,Bvlgari,Chronoliner,,,,,,,,,,,
,,,,,,CCCP,Chronomat,,,,,,,,,,,
,,,,,,CT Scuderia,Chronomat B01,,,,,,,,,,,
,,,,,,CWC,Chronomat Blackbird,,,,,,,,,,,
,,,,,,Cabestan,Chronomat Evolution,,,,,,,,,,,
,,,,,,Cadola,Chronomat Vitesse,,,,,,,,,,,
,,,,,,Camy,Chronoracer Rattrapante,,,,,,,,,,,
,,,,,,Candino,Cintrée Curvex,,,,,,,,,,,
,,,,,,Caravelle,Class,,,,,,,,,,,
,,,,,,Carl F. Bucherer,Classic Chronograph,,,,,,,,,,,
,,,,,,Cartier,Classic Date Automatic,,,,,,,,,,,
,,,,,,Casio,Classic Fusion,,,,,,,,,,,
,,,,,,Catena,Classics,,,,,,,,,,,
,,,,,,Cattin,Classics Art Deco,,,,,,,,,,,
,,,,,,Cerruti,Classics Carrée,,,,,,,,,,,
,,,,,,Certina,Classics Delight,,,,,,,,,,,
,,,,,,Chanel,Classics GMT,,,,,,,,,,,
,,,,,,Charmex,Classics Heart Beat,,,,,,,,,,,
,,,,,,Charriol,Classics Index,,,,,,,,,,,
,,,,,,Chaumet,Classics Index Automatic,,,,,,,,,,,
,,,,,,Chopard,Classics Lady,,,,,,,,,,,
,,,,,,Christiaan v.d. Klaauw,Classics Moonphase,,,,,,,,,,,
,,,,,,Christian Bernard,Classima,,,,,,,,,,,
,,,,,,Christian Dior,Classique,,,,,,,,,,,
,,,,,,Christopher Ward,Clifton,,,,,,,,,,,
,,,,,,Chromachron,Clifton Club,,,,,,,,,,,
,,,,,,Chronographe Suisse,Clipper,,,,,,,,,,,
,,,,,,Chronoswiss,Clé,,,,,,,,,,,
,,,,,,Chronotech,Cockpit,,,,,,,,,,,
,,,,,,Cimier,Code 11.59,,,,,,,,,,,
,,,,,,Citizen,Colt,,,,,,,,,,,
,,,,,,Claude Bernard,Colt Chronograph,,,,,,,,,,,
,,,,,,Claude Meylan,Colt GMT,,,,,,,,,,,
,,,,,,Clerc,Colt Lady,,,,,,,,,,,
,,,,,,Clodia,Colt Military,,,,,,,,,,,
,,,,,,Coinwatch,Colt Oceane,,,,,,,,,,,
,,,,,,Concord,Connected,,,,,,,,,,,
,,,,,,Condor,Conquest,,,,,,,,,,,
,,,,,,Consul of Switzerland,Conquistador,,,,,,,,,,,
,,,,,,Cornavin,Constellation,,,,,,,,,,,
,,,,,,Cortébert,Constellation Automatic,,,,,,,,,,,
,,,,,,Corum,Constellation Co-Axial,,,,,,,,,,,
,,,,,,Cover,Constellation Double Eagle,,,,,,,,,,,
,,,,,,Crepas,Constellation F300Hz,,,,,,,,,,,
,,,,,,Croton,Constellation Manhattan,,,,,,,,,,,
,,,,,,Cuervo y Sobrinos,Constellation Master Chronometer,,,,,,,,,,,
,,,,,,Cvstos,Constellation Megaquartz,,,,,,,,,,,
,,,,,,Cyma,Constellation Mini,,,,,,,,,,,
,,,,,,Cyrus Geneve,Constellation Pie Pan,,,,,,,,,,,
,,,,,,DWISS,Constellation Quadra,,,,,,,,,,,
,,,,,,Damasko,Contessa Lady,,,,,,,,,,,
,,,,,,Daniel Roth,Cosmograph Daytona,,,,,,,,,,,
,,,,,,Darwil,Cosmograph Daytona Zenith,,,,,,,,,,,
,,,,,,David Yurman,Coutura,,,,,,,,,,,
,,,,,,Davosa,Crosswind,,,,,,,,,,,
,,,,,,De Grisogono,Da Vinci,,,,,,,,,,,
,,,,,,DeLaCour,Datejust,,,,,,,,,,,
,,,,,,DeLaneau,Datejust II,,,,,,,,,,,
,,,,,,DeWitt,Datejust Lady,,,,,,,,,,,
,,,,,,Deep Blue,Datejust Oysterquartz,,,,,,,,,,,
,,,,,,Delbana,Datejust Turn-O-Graph,,,,,,,,,,,
,,,,,,Delma,Day-Date,,,,,,,,,,,
,,,,,,Delvina,Daytona,,,,,,,,,,,
,,,,,,Disney,De Ville,,,,,,,,,,,
,,,,,,Dodane,De Ville Automatic,,,,,,,,,,,
,,,,,,Dogma,De Ville Chronoscope,,,,,,,,,,,
,,,,,,Dolce & Gabbana,De Ville Classic,,,,,,,,,,,
,,,,,,Doxa,De Ville Co-Axial,,,,,,,,,,,
,,,,,,Dreyfuss & Co.,De Ville Hour Vision,,,,,,,,,,,
,,,,,,DuBois et fils,De Ville Prestige,,,,,,,,,,,
,,,,,,Dubey & Schaldenbrand,De Ville Trésor,,,,,,,,,,,
,,,,,,Dugena,Defy,,,,,,,,,,,
,,,,,,Dunhill,Defy Skyline,,,,,,,,,,,
,,,,,,Duward,Defy Xtreme,,,,,,,,,,,
,,,,,,Duxot,Delfin Chronograph,,,,,,,,,,,
,,,,,,Ebel,Diagono,,,,,,,,,,,
,,,,,,Eberhard & Co.,"Diver 1000M ""Ocean Force""",,,,,,,,,,,
,,,,,,Edox,Divers Sixty-Five,,,,,,,,,,,
,,,,,,Election,Divers Sixty-Five Automatic,,,,,,,,,,,
,,,,,,Elgin Watch Company,Divers Sixty-Five Cotton Candy Bronze Automatic,,,,,,,,,,,
,,,,,,Endura,Dolcevita,,,,,,,,,,,
,,,,,,Enicar,Drive,,,,,,,,,,,
,,,,,,Enigma,Dynamic,,,,,,,,,,,
,,,,,,Ennebi,Dynamic Helix,,,,,,,,,,,
,,,,,,Epos,Dynamic Solar System,,,,,,,,,,,
,,,,,,Ernest Borel,El Primero,,,,,,,,,,,
,,,,,,Ernst Benz,El Primero Chronomaster,,,,,,,,,,,
,,,,,,Eterna,Elegant,,,,,,,,,,,
,,,,,,Eterna-Matic,Eliros,,,,,,,,,,,
,,,,,,Fabergé,Elite,,,,,,,,,,,
,,,,,,Favre-Leuba,Ellipse,,,,,,,,,,,
,,,,,,Fendi,Endurance Pro,,,,,,,,,,,
,,,,,,Ferrari,Eternity Gent Slim Line,,,,,,,,,,,
,,,,,,Festina,Eternity Lady,,,,,,,,,,,
,,,,,,Fonderia Lab,Evidenza,,,,,,,,,,,
,,,,,,Forget,Explorer,,,,,,,,,,,
,,,,,,Fortis,Explorer II,,,,,,,,,,,
,,,,,,Franc Vila,Ferrari,,,,,,,,,,,
,,,,,,Franck Muller,Fifty Fathoms,,,,,,,,,,,
,,,,,,Fromanteel,Flagship,,,,,,,,,,,
,,,,,,Frédérique Constant,Formula 1,,,,,,,,,,,
,,,,,,GUB Glashütte,Formula 1 Big Date,,,,,,,,,,,
,,,,,,GaGà Milano,Formula 1 Chronograph,,,,,,,,,,,
,,,,,,Gallet,Freedom,,,,,,,,,,,
,,,,,,Garmin,GMT-Master,,,,,,,,,,,
,,,,,,Georg Jensen,GMT-Master II,,,,,,,,,,,
,,,,,,Geovani,GMT-Master II Batman,,,,,,,,,,,
,,,,,,Gevril,GMT-Master II Coke,,,,,,,,,,,
,,,,,,Gigandet,GMT-Master II Pepsi,,,,,,,,,,,
,,,,,,Gio Monaco,GMT-Master Pepsi,,,,,,,,,,,
,,,,,,Giorgio Armani,GST,,,,,,,,,,,
,,,,,,Girard-Perregaux,Galactic,,,,,,,,,,,
,,,,,,Glashütte Original,Galaxis,,,,,,,,,,,
,,,,,,Glycine,Genève,,,,,,,,,,,
,,,,,,Golana,Genève Dynamic,,,,,,,,,,,
,,,,,,Golftime,Genève Electronic,,,,,,,,,,,
,,,,,,Graff,Glamour,,,,,,,,,,,
,,,,,,Graham,Globemaster,,,,,,,,,,,
,,,,,,Greubel Forsey,Globetrotter,,,,,,,,,,,
,,,,,,Grimoldi,Gondolo,,,,,,,,,,,
,,,,,,Grovana,Grand Carrera,,,,,,,,,,,
,,,,,,Gruen,Grand Prix de Monaco Historique,,,,,,,,,,,
,,,,,,Gucci,Grand Seiko,,,,,,,,,,,
,,,,,,Guess,Grandevitesse,,,,,,,,,,,
,,,,,,Guy Ellia,Hampton,,,,,,,,,,,
,,,,,,Gérald Genta,Happy Diamonds,,,,,,,,,,,
,,,,,,Gübelin,Happy Sport,,,,,,,,,,,
,,,,,,H.Moser & Cie.,Harpoon Raider Automatic 500M,,,,,,,,,,,
,,,,,,HD3,Heritage,,,,,,,,,,,
,,,,,,HTO Watches,Heritage Chronométrie,,,,,,,,,,,
,,,,,,HYT,Heritage GMT Automatic,,,,,,,,,,,
,,,,,,Haemmer,Heritage Spirit,,,,,,,,,,,
,,,,,,Hager,Heure H,,,,,,,,,,,
,,,,,,Hajime Asaoka,Highlife,,,,,,,,,,,
,,,,,,Hamilton,Highlife Automatic COSC,,,,,,,,,,,
,,,,,,Hanhart,Highlife COSC,,,,,,,,,,,
,,,,,,Hanowa,Highlife Chronograph Automatic,,,,,,,,,,,
,,,,,,Harry Winston,Highlife Heartbeat Automatic,,,,,,,,,,,
,,,,,,Harwood,Highlife Lady,,,,,,,,,,,
,,,,,,Haste,Historiques,,,,,,,,,,,
,,,,,,Hautlence,Horological Smartwatch,,,,,,,,,,,
,,,,,,Hebdomas,Hydro,,,,,,,,,,,
,,,,,,Helbros,Hydroconquest,,,,,,,,,,,
,,,,,,Helvetia,Hydronaut,,,,,,,,,,,
,,,,,,Hentschel,Imperiale,,,,,,,,,,,
,,,,,,Heritor,Ingenieur,,,,,,,,,,,
,,,,,,Hermès,Ingenious,,,,,,,,,,,
,,,,,,Heuer,Intra-Matic,,,,,,,,,,,
,,,,,,Hirsch,Jazzmaster,,,,,,,,,,,
,,,,,,Hislon,Jazzmaster Auto Chrono,,,,,,,,,,,
,,,,,,Howard,Jazzmaster Chrono Quartz,,,,,,,,,,,
,,,,,,Hublot,Jazzmaster Day Date,,,,,,,,,,,
,,,,,,Huguenin,Jazzmaster Face-2-Face,,,,,,,,,,,
,,,,,,Hysek,Jazzmaster Lady Quartz,,,,,,,,,,,
,,,,,,I.T.A.,Jazzmaster Maestro,,,,,,,,,,,
,,,,,,IAXA,Jazzmaster Open Heart,,,,,,,,,,,
,,,,,,IWC,Jazzmaster Performer Auto Chrono,,,,,,,,,,,
,,,,,,Ikepod,Jazzmaster Seaview,,,,,,,,,,,
,,,,,,Illinois,Jazzmaster Thinline,,,,,,,,,,,
,,,,,,Ingersoll,Jazzmaster Viewmatic,,,,,,,,,,,
,,,,,,Invicta,Jules Audemars,,,,,,,,,,,
,,,,,,J. Chevalier,Jumbo,,,,,,,,,,,
,,,,,,JS Watch co.,Kelly,,,,,,,,,,,
,,,,,,Jacob & Co.,Khaki,,,,,,,,,,,
,,,,,,Jacob Jensen,Khaki Aviation,,,,,,,,,,,
,,,,,,Jacques Etoile,Khaki Field,,,,,,,,,,,
,,,,,,Jacques Lemans,Khaki GMT,,,,,,,,,,,
,,,,,,Jaeger-LeCoultre,Khaki Navy,,,,,,,,,,,
,,,,,,Jaguar,Khaki Officer,,,,,,,,,,,
,,,,,,Jaques Richal,Khaki Pilot,,,,,,,,,,,
,,,,,,Jaquet-Droz,Khaki Pioneer,,,,,,,,,,,
,,,,,,Jean Marcel,King Power,,,,,,,,,,,
,,,,,,Jean Perret,King Seiko,,,,,,,,,,,
,,,,,,Jean-Pierre Lepine,Kirium,,,,,,,,,,,
,,,,,,Jean d'Eve,L.U.C,,,,,,,,,,,
,,,,,,JeanRichard,La Grande Classique,,,,,,,,,,,
,,,,,,Jordi,Ladies Automatic Small Seconds,,,,,,,,,,,
,,,,,,Jorg Hysek,LadyMatic Co-Axial,,,,,,,,,,,
,,,,,,Jovial,Lange 1,,,,,,,,,,,
,,,,,,Jowissa,Laureato,,,,,,,,,,,
,,,,,,Jules Jürgensen,Legend Diver,,,,,,,,,,,
,,,,,,Junghans,Liberty,,,,,,,,,,,
,,,,,,Junkers,Linea,,,,,,,,,,,
,,,,,,Juvenia,Link,,,,,,,,,,,
,,,,,,Kadloo,Long Island,,,,,,,,,,,
,,,,,,Kelek,Lucea,,,,,,,,,,,
,,,,,,Kienzle,Luminor,,,,,,,,,,,
,,,,,,Korloff,Luminor 1950,,,,,,,,,,,
,,,,,,Krieger,Luminor Base,,,,,,,,,,,
,,,,,,L.Leroy,Luminor GMT,,,,,,,,,,,
,,,,,,Lacher,Luminor Logo,,,,,,,,,,,
,,,,,,Laco,Luminor Marina,,,,,,,,,,,
,,,,,,Lamborghini,Luminor Power Reserve,,,,,,,,,,,
,,,,,,Lambretta,Luminor Submersible,,,,,,,,,,,
,,,,,,Lancaster,Lunaris,,,,,,,,,,,
,,,,,,Lancia,MDM,,,,,,,,,,,
,,,,,,Lanco,Manta Ray,,,,,,,,,,,
,,,,,,Lassale,Marine,,,,,,,,,,,
,,,,,,Le Phare,Marine Star,,,,,,,,,,,
,,,,,,Leandri,Master,,,,,,,,,,,
,,,,,,Lemania,Master Banker,,,,,,,,,,,
,,,,,,Leonard,Master Collection,,,,,,,,,,,
,,,,,,Leonidas,Master Compressor,,,,,,,,,,,
,,,,,,Levrette,Master Control,,,,,,,,,,,
,,,,,,Lip,Master Geographic,,,,,,,,,,,
,,,,,,Locman,Master Square,,,,,,,,,,,
,,,,,,Longines,Master Ultra Thin,,,,,,,,,,,
,,,,,,Lorenz,Meisterstück,,,,,,,,,,,
,,,,,,Lotus,Memovox,,,,,,,,,,,
,,,,,,Louis Erard,Milgauss,,,,,,,,,,,
,,,,,,Louis Moinet,Mille Miglia,,,,,,,,,,,
,,,,,,Louis Vuitton,Monaco,,,,,,,,,,,
,,,,,,Lucerne Salterello,Monaco Calibre 6,,,,,,,,,,,
,,,,,,Lucien Piccard,Monaco Calibre 11 Steve McQueen,,,,,,,,,,,
,,,,,,Lucien Rochat,Monaco Calibre 12 Steve McQueen,,,,,,,,,,,
,,,,,,Luminox,Monaco Calibre 17,,,,,,,,,,,
,,,,,,MAT,Monsoon,,,,,,,,,,,
,,,,,,MB&F,Montbrillant,,,,,,,,,,,
,,,,,,MERCURY,MoonSwatch - Mission on Earth,,,,,,,,,,,
,,,,,,MIMO,MoonSwatch - Mission to Jupiter,,,,,,,,,,,
,,,,,,MWC (Military Watch Co.),MoonSwatch - Mission to Mars,,,,,,,,,,,
,,,,,,Magellan,MoonSwatch - Mission to Mercury,,,,,,,,,,,
,,,,,,Manufacture Royal,MoonSwatch - Mission to Neptune,,,,,,,,,,,
,,,,,,Maranello,MoonSwatch - Mission to Pluto,,,,,,,,,,,
,,,,,,Marathon,MoonSwatch - Mission to Saturn,,,,,,,,,,,
,,,,,,Margi,MoonSwatch - Mission to Uranus,,,,,,,,,,,
,,,,,,Martin Braun,MoonSwatch - Mission to Venus,,,,,,,,,,,
,,,,,,Marvin,MoonSwatch - Mission to the Moon,,,,,,,,,,,
,,,,,,Mathey-Tissot,MoonSwatch - Mission to the Sun,,,,,,,,,,,
,,,,,,Mauboussin,Must de Cartier,,,,,,,,,,,
,,,,,,Maurice Lacroix,Must de Cartier 21,,,,,,,,,,,
,,,,,,Maurice de Mauriac,Must de Cartier Colisée Vermeil,,,,,,,,,,,
,,,,,,Mazzucato,Must de Cartier Vendome,,,,,,,,,,,
,,,,,,Meccaniche Veloci,Médor,,,,,,,,,,,
,,,,,,Megisto,NO01,,,,,,,,,,,
,,,,,,Meister Anker,NO01 Steel,,,,,,,,,,,
,,,,,,Meistersinger,NO02 Automatic,,,,,,,,,,,
,,,,,,Memorigin,Nantucket,,,,,,,,,,,
,,,,,,Memphis Belle,Nautilus,,,,,,,,,,,
,,,,,,Mercedes-Benz,Navitimer,,,,,,,,,,,
,,,,,,Mercure,Navitimer Airborne,,,,,,,,,,,
,,,,,,Meyers,Navitimer B01,,,,,,,,,,,
,,,,,,Michel Herbelin,Navitimer GMT,,,,,,,,,,,
,,,,,,Michel Jordi,Navitimer Heritage,,,,,,,,,,,
,,,,,,Michele Watches,Navitimer Montbrilliant 01 Limited,,,,,,,,,,,
,,,,,,Mido,Navitimer World,,,,,,,,,,,
,,,,,,Military European Company,Never Get Lost Carbonox,,,,,,,,,,,
,,,,,,Milleret,Octo,,,,,,,,,,,
,,,,,,Milus,Old Navitimer,,,,,,,,,,,
,,,,,,Minerva,Old Navitimer II,,,,,,,,,,,
,,,,,,Momentus,Overseas,,,,,,,,,,,
,,,,,,MomoDesign,Oyster Perpetual,,,,,,,,,,,
,,,,,,Mondaine,Oyster Perpetual Bubbleback,,,,,,,,,,,
,,,,,,Mondia,Oyster Perpetual Date,,,,,,,,,,,
,,,,,,Monet,Oyster Perpetual Date Lady,,,,,,,,,,,
,,,,,,Mont d'Or,Oyster Perpetual Datejust,,,,,,,,,,,
,,,,,,Montblanc,Oyster Perpetual Lady,,,,,,,,,,,
,,,,,,Montega,Oyster Precision,,,,,,,,,,,
,,,,,,Montres de Luxe,Oyster Speedking Precision,,,,,,,,,,,
,,,,,,Mortima,Oysterdate Precision,,,,,,,,,,,
,,,,,,Movado,PRX,,,,,,,,,,,
,,,,,,MuDu,PanoMatic,,,,,,,,,,,
,,,,,,Mulco,Panthere,,,,,,,,,,,
,,,,,,Murex,Pasha,,,,,,,,,,,
,,,,,,Mühle Glashütte,Pasha Seatimer,,,,,,,,,,,
,,,,,,N.B. Yäeger,Patrimony,,,,,,,,,,,
,,,,,,N.O.A.,Pelagos,,,,,,,,,,,
,,,,,,NauticFish,Pilot,,,,,,,,,,,
,,,,,,Nautica,Polaris,,,,,,,,,,,
,,,,,,Navitec,Polo,,,,,,,,,,,
,,,,,,Nisus,Porsche Design,,,,,,,,,,,
,,,,,,Nite,Port Royal,,,,,,,,,,,
,,,,,,Nivada,Portofino,,,,,,,,,,,
,,,,,,Nomos,Portofino Chronograph,,,,,,,,,,,
,,,,,,Nubeo,Portugieser,,,,,,,,,,,
,,,,,,Obris Morgan,Premier,,,,,,,,,,,
,,,,,,Oceaneva,Presage,,,,,,,,,,,
,,,,,,Officina del Tempo,Presence,,,,,,,,,,,
,,,,,,Officine Panerai,PrimaLuna,,,,,,,,,,,
,,,,,,Ogival,Prince Date,,,,,,,,,,,
,,,,,,Ollech & Wajs,Prince Oysterdate,,,,,,,,,,,
,,,,,,Olma,Princess,,,,,,,,,,,
,,,,,,Omax,"Professional Diver 1000M ""Tsunami""",,,,,,,,,,,
,,,,,,Omega,Promaster,,,,,,,,,,,
,,,,,,Omega x Swatch,Promesse,,,,,,,,,,,
,,,,,,Optima,Prospex,,,,,,,,,,,
,,,,,,Orator,Proud Heritage Automatic Skeleton,,,,,,,,,,,
,,,,,,Orfina,Radiomir,,,,,,,,,,,
,,,,,,Orient,Radiomir 3 Days,,,,,,,,,,,
,,,,,,Oris,Radiomir 10 days,,,,,,,,,,,
,,,,,,Osco,Radiomir 1940,,,,,,,,,,,
,,,,,,Out of Order,Radiomir Black Seal,,,,,,,,,,,
,,,,,,PZero,Raider Sea Bird,,,,,,,,,,,
,,,,,,Panerai,Railmaster,,,,,,,,,,,
,,,,,,Parmigiani Fleurier,Record,,,,,,,,,,,
,,,,,,Pasquale Bruni,Recraft,,,,,,,,,,,
,,,,,,Patek Philippe,Reverso,,,,,,,,,,,
,,,,,,Paul Buhré,Reverso Classique,,,,,,,,,,,
,,,,,,Paul Picot,Reverso Lady,,,,,,,,,,,
,,,,,,Pequignet,Riviera,,,,,,,,,,,
,,,,,,Perigáum,Roadster,,,,,,,,,,,
,,,,,,Perrelet,Ronde,,,,,,,,,,,
,,,,,,Perseo,Ronde Croisière de Cartier,,,,,,,,,,,
,,,,,,Peugeot,Ronde Louis,,,,,,,,,,,
,,,,,,Philip Watch,Ronde Must,,,,,,,,,,,
,,,,,,Philipp Plein,Ronde Solo,,,,,,,,,,,
,,,,,,Philippe Dufour,Royal,,,,,,,,,,,
,,,,,,Piaget,Royal Oak,,,,,,,,,,,
,,,,,,Picard & Cie,Runabout,,,,,,,,,,,
,,,,,,Pierce 1883,SKX,,,,,,,,,,,
,,,,,,Pierre Balmain,Santos,,,,,,,,,,,
,,,,,,Pierre DeRoche,Santos 100,,,,,,,,,,,
,,,,,,Pierre Kunz,Santos Dumont,,,,,,,,,,,
,,,,,,Pierre Lannier,Santos Galbée,,,,,,,,,,,
,,,,,,Pilo & Co.,Santos Octagon,,,,,,,,,,,
,,,,,,Piquot Meridien,Santos Ronde,,,,,,,,,,,
,,,,,,Pirelli,Scuba Fifty Fathoms,,,,,,,,,,,
,,,,,,Poljot International,Sea-Dweller,,,,,,,,,,,
,,,,,,Pomellato,Sea-Dweller Deep Sea,,,,,,,,,,,
,,,,,,Pontiac,Sea-Hawk,,,,,,,,,,,
,,,,,,Porsche Design,"""Seadiving"" 300M",,,,,,,,,,,
,,,,,,Potens,Seamaster,,,,,,,,,,,
,,,,,,Precimax,Seamaster 30M,,,,,,,,,,,
,,,,,,Prim,Seamaster 120M,,,,,,,,,,,
,,,,,,Prima Ancre,Seamaster 300,,,,,,,,,,,
,,,,,,Prisma,Seamaster 1948,,,,,,,,,,,
,,,,,,Pronto,Seamaster Anakin Skywalker,,,,,,,,,,,
,,,,,,Pryngeps,Seamaster Aqua Terra 150M,,,,,,,,,,,
,,,,,,Précibel,Seamaster Chronograph,,,,,,,,,,,
,,,,,,Pulsar,Seamaster Cosmic,,,,,,,,,,,
,,,,,,Pégoud,Seamaster Day-Date,,,,,,,,,,,
,,,,,,Quinting,Seamaster De Ville,,,,,,,,,,,
,,,,,,RSW,Seamaster Diver 200M,,,,,,,,,,,
,,,,,,Radiant,Seamaster Diver 300M,,,,,,,,,,,
,,,,,,Rado,Seamaster F300Hz,,,,,,,,,,,
,,,,,,Raid Watch,Seamaster Mariner,,,,,,,,,,,
,,,,,,Raidillon,Seamaster Memomatic Alarm,,,,,,,,,,,
,,,,,,Ralf Tech,Seamaster Olympic Games Collection,,,,,,,,,,,
,,,,,,Raymond Weil,Seamaster Planet Ocean 600M,,,,,,,,,,,
,,,,,,Rebellion,Seamaster Polaris,,,,,,,,,,,
,,,,,,Reconvilier,Seamaster Professional 200M,,,,,,,,,,,
,,,,,,Record,Seamaster Proplof 1200M,,,,,,,,,,,
,,,,,,Reign,Seamaster Railmaster,,,,,,,,,,,
,,,,,,Ressence,Seamaster Sensor Quartz,,,,,,,,,,,
,,,,,,Revue Thommen,Seastar,,,,,,,,,,,
,,,,,,Rexa,Seastar 1000,,,,,,,,,,,
,,,,,,Richard & Co.,Seastar 1000 Chronograph,,,,,,,,,,,
,,,,,,Richard Mille,Seiko 5,,,,,,,,,,,
,,,,,,Ritmo Mundo,Seiko 5 Automatic Day-Date,,,,,,,,,,,
,,,,,,Roamer,Senator,,,,,,,,,,,
,,,,,,Roberge,Silverstone,,,,,,,,,,,
,,,,,,Roberto Cavalli,Sky-Dweller,,,,,,,,,,,
,,,,,,Rodania,Slimline,,,,,,,,,,,
,,,,,,Rodolphe,Slimline Moonphase,,,,,,,,,,,
,,,,,,Roeya,Solotempo,,,,,,,,,,,
,,,,,,Roger Dubuis,Speedmaster,,,,,,,,,,,
,,,,,,Rolex,Speedmaster 57,,,,,,,,,,,
,,,,,,Romain Jerome,Speedmaster Broad Arrow,,,,,,,,,,,
,,,,,,Romanson,Speedmaster Co-Axial,,,,,,,,,,,
,,,,,,Roskopf,Speedmaster Date,,,,,,,,,,,
,,,,,,Rosskopf,Speedmaster Day-Date,,,,,,,,,,,
,,,,,,Rotary,Speedmaster De Luxe,,,,,,,,,,,
,,,,,,Roxy,Speedmaster Legend,,,,,,,,,,,
,,,,,,S.T. Dupont,Speedmaster Mark II,,,,,,,,,,,
,,,,,,Saint Honoré,Speedmaster Mark IV,,,,,,,,,,,
,,,,,,Salvatore Ferragamo,Speedmaster Mark V,,,,,,,,,,,
,,,,,,Sandoz,Speedmaster Michael Schumacher,,,,,,,,,,,
,,,,,,Sarcar,Speedmaster Moon Phase,,,,,,,,,,,
,,,,,,Schaumburg Watch,Speedmaster Professional Moonwatch,,,,,,,,,,,
,,,,,,Schild,Speedmaster Racing,,,,,,,,,,,
,,,,,,Schwarz Etienne,Speedmaster Reduced,,,,,,,,,,,
,,,,,,Sea-God,Speedmaster Spacemaster,,,,,,,,,,,
,,,,,,Sector,Speedmaster Split-Seconds,,,,,,,,,,,
,,,,,,Seiko,Speedmaster Triple Date,,,,,,,,,,,
,,,,,,Sevenfriday,Speedmaster X-33,,,,,,,,,,,
,,,,,,Shellman,Spezimatic,,,,,,,,,,,
,,,,,,Shinola,Spirit of Liberty,,,,,,,,,,,
,,,,,,Sicura,Sporto,,,,,,,,,,,
,,,,,,Silvana,Spyder,,,,,,,,,,,
,,,,,,Sinn,Star,,,,,,,,,,,
,,,,,,Sinobi,Startimer Pilot Chronograph,,,,,,,,,,,
,,,,,,Snyper,Stellina,,,,,,,,,,,
,,,,,,Solvil,Submariner,,,,,,,,,,,
,,,,,,Sothis,Submariner Date,,,,,,,,,,,
,,,,,,Soyuz,Submariner Hulk,,,,,,,,,,,
,,,,,,Spazio24,Submariner No Date,,,,,,,,,,,
,,,,,,Speake-Marin,Submerged 30 ATM,,,,,,,,,,,
,,,,,,Squale,Summit,,,,,,,,,,,
,,,,,,Stadlin,SuperOcean Chronograph,,,,,,,,,,,
,,,,,,Stauer,SuperOcean Heritage II,,,,,,,,,,,
,,,,,,Stefano Braga,SuperOcean II,,,,,,,,,,,
,,,,,,Steiner Limited,SuperOcean Professional,,,,,,,,,,,
,,,,,,Steinhart,Superocean,,,,,,,,,,,
,,,,,,Steinway & Sons,Superocean Heritage,,,,,,,,,,,
,,,,,,Stowa,Supersport Chronograph,,,,,,,,,,,
,,,,,,Stührling Original,Swordfish,,,,,,,,,,,
,,,,,,Sultana,TT1,,,,,,,,,,,
,,,,,,Suunto,TT3,,,,,,,,,,,
,,,,,,Swarovski,Tandem,,,,,,,,,,,
,,,,,,Swatch,Tank,,,,,,,,,,,
,,,,,,Swiss Army,Tank Américaine,,,,,,,,,,,
,,,,,,Swiss Eagle,Tank Anglaise,,,,,,,,,,,
,,,,,,Swiss Military,Tank Française,,,,,,,,,,,
,,,,,,Swiza,Tank Louis,,,,,,,,,,,
,,,,,,TAG Heuer,Tank MC,,,,,,,,,,,
,,,,,,TB Buti,Tank Must de Cartier,,,,,,,,,,,
,,,,,,TW Steel,Tank Solo,,,,,,,,,,,
,,,,,,Tavannes,Timewalker,,,,,,,,,,,
,,,,,,Techno Master,Torpedine,,,,,,,,,,,
,,,,,,TechnoMarine,Tradition,,,,,,,,,,,
,,,,,,Technos,Transocean,,,,,,,,,,,
,,,,,,Tecnotempo,Twenty 4,,,,,,,,,,,
,,,,,,Tempvs Compvtare,Type XX,,,,,,,,,,,
,,,,,,Terra Cielo Mare,Ultra-Chron,,,,,,,,,,,
,,,,,,Texas Instruments,Unknown,,,,,,,,,,,
,,,,,,Theorein,Urban Mystique Chronograph,,,,,,,,,,,
,,,,,,Tiffany & Co.,V-Extreme Pro Chronograph,,,,,,,,,,,
,,,,,,Tiret,Vanguard,,,,,,,,,,,
,,,,,,Tissot,Villeret,,,,,,,,,,,
,,,,,,Titan,Vintage,,,,,,,,,,,
,,,,,,Titoni,Vintage 1945,,,,,,,,,,,
,,,,,,Tom Ford,Vintage Rally,,,,,,,,,,,
,,,,,,Tonino Lamborghini,Williams F1 Team,,,,,,,,,,,
,,,,,,Tool Watch,Windrider,,,,,,,,,,,
,,,,,,Torgoen,Yacht-Master,,,,,,,,,,,
,,,,,,Tourneau,Yacht Timer,,,,,,,,,,,
,,,,,,Traser,,,,,,,,,,,,
,,,,,,Tresor Paris,,,,,,,,,,,,
,,,,,,Tressa,,,,,,,,,,,,
,,,,,,Triumph,,,,,,,,,,,,
,,,,,,Tsovet,,,,,,,,,,,,
,,,,,,Tudor,,,,,,,,,,,,
,,,,,,Tutima,,,,,,,,,,,,
,,,,,,U-Boat,,,,,,,,,,,,
,,,,,,Ublast,,,,,,,,,,,,
,,,,,,Ulysse Nardin,,,,,,,,,,,,
,,,,,,Unbranded,,,,,,,,,,,,
,,,,,,Unikatuhren,,,,,,,,,,,,
,,,,,,Union,,,,,,,,,,,,
,,,,,,Union Glashütte,,,,,,,,,,,,
,,,,,,Universal Genève,,,,,,,,,,,,
,,,,,,Urwerk,,,,,,,,,,,,
,,,,,,Utinam,,,,,,,,,,,,
,,,,,,Vacheron Constantin,,,,,,,,,,,,
,,,,,,Valbray,,,,,,,,,,,,
,,,,,,Van Cleef & Arpels,,,,,,,,,,,,
,,,,,,Van Der Bauwede,,,,,,,,,,,,
,,,,,,Versace,,,,,,,,,,,,
,,,,,,Viceroy,,,,,,,,,,,,
,,,,,,Victorinox,,,,,,,,,,,,
,,,,,,Vidar,,,,,,,,,,,,
,,,,,,Villemont,,,,,,,,,,,,
,,,,,,Vincent Calabrese,,,,,,,,,,,,
,,,,,,Vixa,,,,,,,,,,,,
,,,,,,Vogard,,,,,,,,,,,,
,,,,,,Volkswagen,,,,,,,,,,,,
,,,,,,Vostok,,,,,,,,,,,,
,,,,,,Voutilainen,,,,,,,,,,,,
,,,,,,Vuillemin Regnier,,,,,,,,,,,,
,,,,,,Vulcain,,,,,,,,,,,,
,,,,,,Wakmann,,,,,,,,,,,,
,,,,,,Waldan International,,,,,,,,,,,,
,,,,,,Waltham,,,,,,,,,,,,
,,,,,,Wempe,,,,,,,,,,,,
,,,,,,Wenger,,,,,,,,,,,,
,,,,,,Werenbach,,,,,,,,,,,,
,,,,,,West End Watch Co.,,,,,,,,,,,,
,,,,,,Westar,,,,,,,,,,,,
,,,,,,Wittnauer,,,,,,,,,,,,
,,,,,,Wyler,,,,,,,,,,,,
,,,,,,Wyler Vetta,,,,,,,,,,,,
,,,,,,Yema,,,,,,,,,,,,
,,,,,,Yves Saint Laurent,,,,,,,,,,,,
,,,,,,Zenith,,,,,,,,,,,,
,,,,,,Zeno-Watch Basel,,,,,,,,,,,,
,,,,,,ZentRa,,,,,,,,,,,,
,,,,,,Zeppelin,,,,,,,,,,,,
,,,,,,Zodiac,,,,,,,,,,,,